dependent_feature,independent_feature,beta,t_statistic,p,n,q
sleep_awakeDuration,bacteria_firmicutes_bacilli_lactobacillales_streptococcaceae_streptococcus,0.08295188215147468,2.849470397441802,0.004408103790570265,3105.0,0.01763241516228106
sleep_awakeDuration,bacteria_firmicutes_clostridia_clostridiales_lachnospiraceae_unclassified,0.19599806088235425,2.9683812208006373,0.003016116090794904,3179.0,0.012633542870876768
sleep_awakeDuration,bacteria_bacteroidetes_bacteroidia_bacteroidales_prevotellaceae_prevotella,-0.031479299505568895,-2.243781014037933,0.024919696049278857,2983.0,0.0701571801627666
sleep_awakeDuration,bacteria_firmicutes_clostridia_clostridiales_lachnospiraceae_coprococcus,0.1836965089447277,4.373389499299584,1.2626814142598324e-05,3177.0,9.502212676802807e-05
sleep_awakeDuration,bacteria_firmicutes_clostridia_clostridiales_ruminococcaceae_ruminococcus,-0.09710580265465574,-2.5401771937789652,0.011126910365509678,3179.0,0.039209112716557915
sleep_awakeDuration,bacteria_proteobacteria_gammaproteobacteria_enterobacteriales_enterobacteriaceae_unclassified,-0.0379106075338937,-1.7935744517651804,0.07299323306782993,2699.0,0.16285927377947984
sleep_awakeDuration,bacteria_firmicutes_clostridia_clostridiales_unclassified_unclassified,-0.14315977563254179,-2.1097568596694463,0.03495738670854218,3179.0,0.0891437869884189
sleep_awakeDuration,bacteria_firmicutes_clostridia_clostridiales_ruminococcaceae_oscillospira,-0.07687406214600576,-1.3117235055196237,0.1897083108494969,3179.0,0.3355796415026957
sleep_awakeDuration,bacteria_firmicutes_erysipelotrichi_erysipelotrichales_erysipelotrichaceae_unclassified,0.05166620426191186,1.938843894487145,0.052609756086843124,3148.0,0.12455493170296361
sleep_awakeDuration,bacteria_firmicutes_clostridia_clostridiales_ruminococcaceae_unclassified,-0.16506461214404552,-2.2200585527417145,0.0264851821489596,3179.0,0.07349638046336289
sleep_awakeDuration,bacteria_firmicutes_clostridia_clostridiales_christensenellaceae_unclassified,-0.03702828128031077,-1.507778416557283,0.1317166828420835,3001.0,0.2542704660081959
sleep_awakeDuration,bacteria_firmicutes_bacilli_lactobacillales_lactobacillaceae_lactobacillus,0.006952979130941769,0.24868366387306332,0.8036261860969888,2472.0,0.894304366389333
sleep_awakeDuration,bacteria_firmicutes_clostridia_clostridiales_veillonellaceae_veillonella,0.04729066122304563,1.7163707565607402,0.08620739877035581,2741.0,0.18671261001969747
sleep_awakeDuration,bacteria_actinobacteria_actinobacteria_bifidobacteriales_bifidobacteriaceae_bifidobacterium,0.01343065423195928,0.7272314456580593,0.467141045005832,2999.0,0.652297984901474
sleep_awakeDuration,bacteria_firmicutes_clostridia_clostridiales_peptostreptococcaceae_unclassified,0.0434438227991248,1.9222014564017025,0.054679025298096005,2883.0,0.12845231339870172
sleep_awakeDuration,bacteria_bacteroidetes_bacteroidia_bacteroidales_bacteroidaceae_bacteroides,-0.015925099956685528,-0.4188270407473876,0.6753708803304319,3179.0,0.8187700167128495
sleep_awakeDuration,bacteria_firmicutes_clostridia_clostridiales_clostridiaceae_unclassified,-0.006545361198921296,-0.1902845140498629,0.8490984766513685,3148.0,0.9262892472560385
sleep_awakeDuration,bacteria_firmicutes_clostridia_clostridiales_lachnospiraceae_blautia,0.14493463890089914,4.298600944655783,1.77049868372343e-05,3179.0,0.00013101690259553382
sleep_awakeDuration,bacteria_firmicutes_clostridia_clostridiales_veillonellaceae_dialister,-0.01138075079109317,-0.7196950216548202,0.47178118684201453,2464.0,0.6525571556319453
sleep_awakeDuration,bacteria_firmicutes_clostridia_clostridiales_lachnospiraceae_lachnospira,-0.06800911827321834,-2.3903974656132836,0.016888374291487655,3165.0,0.053180412662556874
sleep_awakeDuration,bacteria_actinobacteria_actinobacteria_actinomycetales_actinomycetaceae_actinomyces,0.2055419071095933,5.052631432038383,4.639766703056e-07,2786.0,4.478383513384487e-06
sleep_awakeDuration,bacteria_actinobacteria_coriobacteriia_coriobacteriales_coriobacteriaceae_unclassified,-0.03738092796613732,-1.2308422757814808,0.21847686252430967,3052.0,0.37598343783253296
sleep_awakeDuration,bacteria_firmicutes_clostridia_clostridiales_clostridiaceae_clostridium,0.10701506712906106,4.637088810406935,3.678130914612918e-06,3136.0,3.0242409742372877e-05
sleep_awakeDuration,bacteria_firmicutes_clostridia_clostridiales_lachnospiraceae_dorea,-0.02968698272503617,-0.7256103628197162,0.4681311959934238,3177.0,0.652297984901474
sleep_awakeDuration,bacteria_bacteroidetes_bacteroidia_bacteroidales_rikenellaceae_unclassified,-0.07146507180784052,-2.637833556351088,0.0083850749416261,3133.0,0.030516174377721212
sleep_awakeDuration,bacteria_firmicutes_clostridia_clostridiales_lachnospiraceae_roseburia,-0.05029731321156643,-1.6210381409037455,0.10510913392207469,3168.0,0.2211775140350766
sleep_awakeDuration,bacteria_proteobacteria_gammaproteobacteria_pasteurellales_pasteurellaceae_haemophilus,0.07534468683003732,2.7011364815857495,0.006958713744110391,2413.0,0.026376446291332598
sleep_awakeDuration,bacteria_firmicutes_bacilli_lactobacillales_streptococcaceae_lactococcus,0.10036293305560429,3.1141826035240308,0.0018660516055245548,2435.0,0.008043950610222353
sleep_awakeDuration,bacteria_firmicutes_clostridia_clostridiales_lachnospiraceae_ruminococcus,0.16729761639307636,5.116150055770107,3.303623080963073e-07,3179.0,3.333656018062737e-06
sleep_awakeDuration,bacteria_proteobacteria_betaproteobacteria_burkholderiales_alcaligenaceae_sutterella,0.035310730518044064,1.581498817423703,0.11386774960786072,3054.0,0.22980582193586438
sleep_awakeDuration,bacteria_firmicutes_clostridia_clostridiales_mogibacteriaceae_unclassified,-0.0775300650267743,-1.9465612634249054,0.05167822022585399,3083.0,0.12402772854204958
sleep_awakeDuration,bacteria_bacteroidetes_bacteroidia_bacteroidales_barnesiellaceae_unclassified,-0.03890972078125391,-2.106249706670555,0.035282385676846315,2498.0,0.0891437869884189
sleep_awakeDuration,bacteria_firmicutes_erysipelotrichi_erysipelotrichales_erysipelotrichaceae_eubacterium,0.021694268800893046,1.071575966395362,0.28399565132370885,3043.0,0.4585238879553699
sleep_awakeDuration,bacteria_firmicutes_clostridia_clostridiales_lachnospiraceae_anaerostipes,0.014931374389743245,0.49714136476636905,0.6191263645258642,2959.0,0.7787311780438633
sleep_awakeDuration,bacteria_actinobacteria_coriobacteriia_coriobacteriales_coriobacteriaceae_eggerthella,-0.023811727689748017,-0.8456179672882885,0.39784189956968385,2667.0,0.5888060113631322
sleep_awakeDuration,bacteria_actinobacteria_coriobacteriia_coriobacteriales_coriobacteriaceae_collinsella,-0.06134091034784263,-2.5850635960364237,0.00978538366031579,2853.0,0.034757682761441686
sleep_awakeDuration,bacteria_firmicutes_clostridia_clostridiales_veillonellaceae_phascolarctobacterium,0.0133091540932803,0.7262707785809396,0.46773766472250433,2625.0,0.652297984901474
sleep_awakeDuration,bacteria_firmicutes_clostridia_clostridiales_ruminococcaceae_faecalibacterium,-0.0759598135623532,-2.3341823629583236,0.01964825792946253,3179.0,0.05975223644302303
sleep_awakeDuration,bacteria_bacteroidetes_bacteroidia_bacteroidales_porphyromonadaceae_parabacteroides,-0.033833642208518734,-1.3503648656223355,0.17699626064507346,3146.0,0.3168804021226315
sleep_awakeDuration,bacteria_firmicutes_erysipelotrichi_erysipelotrichales_erysipelotrichaceae_coprobacillus,0.06770288965371553,2.1212934424821035,0.03399289120363086,2567.0,0.0891437869884189
sleep_awakeDuration,bacteria_firmicutes_erysipelotrichi_erysipelotrichales_erysipelotrichaceae_holdemania,-0.015065444238760876,-0.37224737671155517,0.7097355410650457,2941.0,0.8347109331688922
sleep_awakeDuration,bacteria_actinobacteria_coriobacteriia_coriobacteriales_coriobacteriaceae_adlercreutzia,-0.06960826731809323,-1.937887024204436,0.05273947558593955,2749.0,0.12455493170296361
sleep_awakeDuration,bacteria_bacteroidetes_bacteroidia_bacteroidales_odoribacteraceae_odoribacter,-0.08176440930145848,-2.6473732397269143,0.00816146309768977,2578.0,0.02994784806094428
sleep_awakeDuration,bacteria_verrucomicrobia_verrucomicrobiae_verrucomicrobiales_verrucomicrobiaceae_akkermansia,0.012332480517736813,0.6529092086571453,0.5138702151640553,2714.0,0.6851602868854071
sleep_awakeDuration,bacteria_firmicutes_clostridia_clostridiales_clostridiaceae_smb53,0.01192326150293063,0.49721096969347117,0.6190769184596616,2989.0,0.7787311780438633
sleep_awakeDuration,bacteria_firmicutes_clostridia_clostridiales_lachnospiraceae_lachnobacterium,-0.031137699501669936,-1.411349041614641,0.15826570986229951,2514.0,0.2879917015527089
sleep_awakeDuration,bacteria_firmicutes_clostridia_clostridiales_ruminococcaceae_anaerotruncus,-0.038117265755546755,-1.1035959034401546,0.26986200145332256,2844.0,0.4416561383385313
sleep_awakeDuration,bacteria_proteobacteria_deltaproteobacteria_desulfovibrionales_desulfovibrionaceae_bilophila,0.04102540707510684,1.3819443269007268,0.1671076045912655,2603.0,0.30283990383070153
sleep_awakeDuration,bacteria_proteobacteria_gammaproteobacteria_enterobacteriales_enterobacteriaceae,-0.03239035265109869,-1.5693358806639532,0.11668341944116817,2787.0,0.2323203508155994
sleep_awakeDuration,bacteria_firmicutes_bacilli_lactobacillales_streptococcaceae,0.09433277124845753,3.17180760413022,0.0015297224678451928,3107.0,0.006791967757232656
sleep_awakeDuration,bacteria_firmicutes_clostridia_clostridiales_tissierellaceae,0.14346087105704083,3.5282043096484723,0.0004265352349887124,2321.0,0.002254543384940337
sleep_awakeDuration,bacteria_firmicutes_clostridia_clostridiales_lachnospiraceae,0.2604576088822885,3.262710630735504,0.0011152099465417838,3179.0,0.005052583839434205
sleep_awakeDuration,bacteria_bacteroidetes_bacteroidia_bacteroidales_prevotellaceae,-0.031454538890350756,-2.242807948802586,0.02498242896913379,2985.0,0.0701571801627666
sleep_awakeDuration,bacteria_firmicutes_clostridia_clostridiales_ruminococcaceae,-0.20234382861083447,-2.31686382479512,0.0205745027778972,3179.0,0.0617235083336916
sleep_awakeDuration,bacteria_firmicutes_clostridia_clostridiales_unclassified,-0.14315977563254179,-2.1097568596694463,0.03495738670854218,3179.0,0.0891437869884189
sleep_awakeDuration,bacteria_firmicutes_erysipelotrichi_erysipelotrichales_erysipelotrichaceae,0.12856937202475335,4.067456886830639,4.8685742941167814e-05,3177.0,0.0003275222706951289
sleep_awakeDuration,bacteria_firmicutes_clostridia_clostridiales_clostridiaceae,0.08411298745565633,2.432126794374621,0.015065406764156582,3178.0,0.048401343844075906
sleep_awakeDuration,bacteria_firmicutes_clostridia_clostridiales_christensenellaceae,-0.03810002981148003,-1.5380809979128975,0.12413374574725626,3020.0,0.24173413645518327
sleep_awakeDuration,bacteria_actinobacteria_actinobacteria_bifidobacteriales_bifidobacteriaceae,0.011828626556348932,0.639368576911554,0.5226319370683392,3009.0,0.6947562277195887
sleep_awakeDuration,bacteria_firmicutes_bacilli_lactobacillales_lactobacillaceae,0.0015492752716224605,0.055749756363961324,0.9555455580858974,2538.0,0.9828684390239201
sleep_awakeDuration,bacteria_firmicutes_clostridia_clostridiales_veillonellaceae,0.025161284024803054,0.800783739830894,0.4233169794929762,3169.0,0.6123712358397106
sleep_awakeDuration,bacteria_firmicutes_clostridia_clostridiales_peptostreptococcaceae,0.03653825756013459,1.5908932716807718,0.1117402025019979,2970.0,0.2275809628939774
sleep_awakeDuration,bacteria_bacteroidetes_bacteroidia_bacteroidales_bacteroidaceae,-0.015902268810828953,-0.4182292369865551,0.6758078152825875,3179.0,0.8187700167128495
sleep_awakeDuration,bacteria_bacteroidetes_bacteroidia_bacteroidales_porphyromonadaceae,-0.03184568335079059,-1.2462737310095235,0.2127566807936896,3152.0,0.3689998682515554
sleep_awakeDuration,bacteria_actinobacteria_actinobacteria_actinomycetales_actinomycetaceae,0.19510120393891586,4.905925787426926,9.829451485398956e-07,2812.0,9.285694594717313e-06
sleep_awakeDuration,bacteria_actinobacteria_coriobacteriia_coriobacteriales_coriobacteriaceae,-0.1424437716566826,-3.1921259905683526,0.0014260967686935432,3178.0,0.0063958279323225575
sleep_awakeDuration,bacteria_proteobacteria_deltaproteobacteria_desulfovibrionales_desulfovibrionaceae,0.04920741809413447,1.7983974118907726,0.07222245744999146,2786.0,0.16230714077547173
sleep_awakeDuration,bacteria_bacteroidetes_bacteroidia_bacteroidales_rikenellaceae,-0.058666642638542786,-2.134569773356668,0.03287351776259628,3140.0,0.08899903589385823
sleep_awakeDuration,bacteria_proteobacteria_gammaproteobacteria_pasteurellales_pasteurellaceae,0.07341027876695629,2.6605976197028496,0.007851296588199908,2445.0,0.029049797376339656
sleep_awakeDuration,bacteria_proteobacteria_betaproteobacteria_burkholderiales_alcaligenaceae,0.035312758185054895,1.5815903260392774,0.11384684392851868,3054.0,0.22980582193586438
sleep_awakeDuration,bacteria_firmicutes_clostridia_clostridiales_mogibacteriaceae,-0.07745361931327573,-1.9378297922754761,0.052735047010947084,3093.0,0.12455493170296361
sleep_awakeDuration,bacteria_bacteroidetes_bacteroidia_bacteroidales_odoribacteraceae,-0.0717581995405489,-2.501096083260378,0.012438370599632917,2770.0,0.04183815565331072
sleep_awakeDuration,bacteria_bacteroidetes_bacteroidia_bacteroidales_barnesiellaceae,-0.03932313821171562,-2.13049151109097,0.033228607610201265,2500.0,0.0891437869884189
sleep_awakeDuration,bacteria_verrucomicrobia_verrucomicrobiae_verrucomicrobiales_verrucomicrobiaceae,0.012332480517736813,0.6529092086571453,0.5138702151640553,2714.0,0.6851602868854071
sleep_awakeningsCount,bacteria_firmicutes_bacilli_lactobacillales_streptococcaceae_streptococcus,-0.27982979654856405,-3.1405554254254007,0.0017004659923705152,3474.0,0.007402028437377536
sleep_awakeningsCount,bacteria_firmicutes_clostridia_clostridiales_lachnospiraceae_unclassified,-0.07660875702019698,-0.3749070987890711,0.7077519230586575,3560.0,0.8347109331688922
sleep_awakeningsCount,bacteria_bacteroidetes_bacteroidia_bacteroidales_prevotellaceae_prevotella,0.07970540569195848,1.8173423529766086,0.06925416910050697,3349.0,0.15838626175119302
sleep_awakeningsCount,bacteria_firmicutes_clostridia_clostridiales_lachnospiraceae_coprococcus,-0.6170015711157487,-4.800778032573784,1.6456568082582495e-06,3558.0,1.4911665772789036e-05
sleep_awakeningsCount,bacteria_firmicutes_clostridia_clostridiales_ruminococcaceae_ruminococcus,0.060062143523032435,0.5033523024677614,0.6147477856297832,3560.0,0.7776296775487855
sleep_awakeningsCount,bacteria_proteobacteria_gammaproteobacteria_enterobacteriales_enterobacteriaceae_unclassified,0.16562341097806788,2.5290632544804295,0.011487310042396674,3021.0,0.03961430791855162
sleep_awakeningsCount,bacteria_firmicutes_clostridia_clostridiales_unclassified_unclassified,0.40814401491017394,1.9544412519757812,0.05072734020231855,3560.0,0.1224072774447252
sleep_awakeningsCount,bacteria_firmicutes_clostridia_clostridiales_ruminococcaceae_oscillospira,1.4110725058029314,7.766829601497243,1.0451619782581427e-14,3560.0,3.3146565596186813e-13
sleep_awakeningsCount,bacteria_firmicutes_erysipelotrichi_erysipelotrichales_erysipelotrichaceae_unclassified,-0.30551413229140156,-3.727781341448089,0.00019621266536261196,3523.0,0.0011615789789466628
sleep_awakeningsCount,bacteria_firmicutes_clostridia_clostridiales_ruminococcaceae_unclassified,0.4132831192406331,1.8147111807490963,0.06965254943263234,3560.0,0.15838626175119302
sleep_awakeningsCount,bacteria_firmicutes_clostridia_clostridiales_christensenellaceae_unclassified,0.041063082983959165,0.5382261752201789,0.5904566254639969,3359.0,0.7567568491341974
sleep_awakeningsCount,bacteria_firmicutes_bacilli_lactobacillales_lactobacillaceae_lactobacillus,-0.20061771277514934,-2.366212595879426,0.018040427402662474,2741.0,0.05601363473274223
sleep_awakeningsCount,bacteria_firmicutes_clostridia_clostridiales_veillonellaceae_veillonella,0.18784277481499648,2.1966179049800956,0.028122300180151397,3073.0,0.07707593382708161
sleep_awakeningsCount,bacteria_actinobacteria_actinobacteria_bifidobacteriales_bifidobacteriaceae_bifidobacterium,-0.11613353077154205,-2.0124414763740344,0.044253474932729256,3348.0,0.10915857150073216
sleep_awakeningsCount,bacteria_firmicutes_clostridia_clostridiales_peptostreptococcaceae_unclassified,-0.40759274832821535,-5.812982290185933,6.73753079349266e-09,3219.0,9.649882813905618e-08
sleep_awakeningsCount,bacteria_bacteroidetes_bacteroidia_bacteroidales_bacteroidaceae_bacteroides,0.6933543534228026,5.964052936112724,2.701208046147997e-09,3560.0,4.0100000709550416e-08
sleep_awakeningsCount,bacteria_firmicutes_clostridia_clostridiales_clostridiaceae_unclassified,-0.25001798083762705,-2.3552107315445525,0.01856677684815233,3526.0,0.05724756194846968
sleep_awakeningsCount,bacteria_firmicutes_clostridia_clostridiales_lachnospiraceae_blautia,-0.6678377721533899,-6.451601944673103,1.256175187568586e-10,3560.0,2.424964275132401e-09
sleep_awakeningsCount,bacteria_firmicutes_clostridia_clostridiales_veillonellaceae_dialister,-0.03771377971879984,-0.7615410788104173,0.44639904022919064,2764.0,0.6373028098448895
sleep_awakeningsCount,bacteria_firmicutes_clostridia_clostridiales_lachnospiraceae_lachnospira,0.23801844520472393,2.6979470722570325,0.007009956446795601,3544.0,0.026376446291332598
sleep_awakeningsCount,bacteria_actinobacteria_actinobacteria_actinomycetales_actinomycetaceae_actinomyces,-1.2499035444300572,-10.088925245372927,1.4209685890894442e-23,3112.0,2.1030335118523772e-21
sleep_awakeningsCount,bacteria_actinobacteria_coriobacteriia_coriobacteriales_coriobacteriaceae_unclassified,-0.10850102339568843,-1.1389793456950645,0.25479182165189973,3413.0,0.4288715330657346
sleep_awakeningsCount,bacteria_firmicutes_clostridia_clostridiales_clostridiaceae_clostridium,-0.6422875466684183,-9.001457775945623,3.572439109578145e-19,3511.0,1.5861629646526965e-17
sleep_awakeningsCount,bacteria_firmicutes_clostridia_clostridiales_lachnospiraceae_dorea,0.1412913290604079,1.1317069920333123,0.257834037674194,3557.0,0.43036959671933134
sleep_awakeningsCount,bacteria_bacteroidetes_bacteroidia_bacteroidales_rikenellaceae_unclassified,0.2743089026776164,3.2859924185237097,0.0010262455237923349,3509.0,0.004746385547539549
sleep_awakeningsCount,bacteria_firmicutes_clostridia_clostridiales_lachnospiraceae_roseburia,0.5991390834077215,6.273654401560302,3.952574620977845e-10,3547.0,7.019772526856653e-09
sleep_awakeningsCount,bacteria_proteobacteria_gammaproteobacteria_pasteurellales_pasteurellaceae_haemophilus,-0.0543726515357657,-0.6185240390204009,0.5362824421894086,2689.0,0.704465693290229
sleep_awakeningsCount,bacteria_firmicutes_bacilli_lactobacillales_streptococcaceae_lactococcus,-0.22145224150196785,-2.26836495984301,0.02338576245742668,2700.0,0.06742388656556783
sleep_awakeningsCount,bacteria_firmicutes_clostridia_clostridiales_lachnospiraceae_ruminococcus,-0.7405991090881694,-7.37596821036023,2.0200318605497797e-13,3560.0,5.605588413025639e-12
sleep_awakeningsCount,bacteria_proteobacteria_betaproteobacteria_burkholderiales_alcaligenaceae_sutterella,0.06686543887376217,0.9607850204339556,0.33672845183136313,3412.0,0.5246746388801514
sleep_awakeningsCount,bacteria_firmicutes_clostridia_clostridiales_mogibacteriaceae_unclassified,0.11082407470835638,0.8914726336943178,0.37273785242635993,3454.0,0.559222970164294
sleep_awakeningsCount,bacteria_bacteroidetes_bacteroidia_bacteroidales_barnesiellaceae_unclassified,-0.021864164198541203,-0.37702708146574954,0.7061819996622722,2810.0,0.8347109331688922
sleep_awakeningsCount,bacteria_firmicutes_erysipelotrichi_erysipelotrichales_erysipelotrichaceae_eubacterium,0.008130036990330443,0.13021764545363831,0.896401951280068,3399.0,0.9521590104505986
sleep_awakeningsCount,bacteria_firmicutes_clostridia_clostridiales_lachnospiraceae_anaerostipes,-0.15721668291916072,-1.6512732538639976,0.09877779569284952,3310.0,0.20884448232202468
sleep_awakeningsCount,bacteria_actinobacteria_coriobacteriia_coriobacteriales_coriobacteriaceae_eggerthella,0.18208391882532715,2.097378944073265,0.03604392311531794,2991.0,0.0904152647638484
sleep_awakeningsCount,bacteria_actinobacteria_coriobacteriia_coriobacteriales_coriobacteriaceae_collinsella,0.0854235844937587,1.1697877835545738,0.24217404765914127,3185.0,0.41197424199486105
sleep_awakeningsCount,bacteria_firmicutes_clostridia_clostridiales_veillonellaceae_phascolarctobacterium,0.06248103728858494,1.1107911132074284,0.2667491692949035,2943.0,0.43865418950717466
sleep_awakeningsCount,bacteria_firmicutes_clostridia_clostridiales_ruminococcaceae_faecalibacterium,0.33611853881627546,3.32278649712114,0.000900247101200129,3560.0,0.004297953902503842
sleep_awakeningsCount,bacteria_bacteroidetes_bacteroidia_bacteroidales_porphyromonadaceae_parabacteroides,0.4281558507754779,5.588306980090679,2.467125685909679e-08,3525.0,3.0427883459552703e-07
sleep_awakeningsCount,bacteria_firmicutes_erysipelotrichi_erysipelotrichales_erysipelotrichaceae_coprobacillus,-0.15861019558177825,-1.6045209945611825,0.10870970973932237,2864.0,0.22494624114729617
sleep_awakeningsCount,bacteria_firmicutes_erysipelotrichi_erysipelotrichales_erysipelotrichaceae_holdemania,0.5136762973323881,4.125588624881311,3.789608729505249e-05,3290.0,0.00026707718665084615
sleep_awakeningsCount,bacteria_actinobacteria_coriobacteriia_coriobacteriales_coriobacteriaceae_adlercreutzia,0.47753951327132904,4.2212843333157055,2.499285143786853e-05,3089.0,0.00018191518095760044
sleep_awakeningsCount,bacteria_bacteroidetes_bacteroidia_bacteroidales_odoribacteraceae_odoribacter,0.25343728020979456,2.6205469422725205,0.008824965596529495,2888.0,0.0315990703617669
sleep_awakeningsCount,bacteria_verrucomicrobia_verrucomicrobiae_verrucomicrobiales_verrucomicrobiaceae_akkermansia,-0.024212749734567038,-0.4190262986513582,0.6752266733747951,3029.0,0.8187700167128495
sleep_awakeningsCount,bacteria_firmicutes_clostridia_clostridiales_clostridiaceae_smb53,-0.5479785856287568,-7.354554013061864,2.397308519057097e-13,3350.0,6.2612057791844185e-12
sleep_awakeningsCount,bacteria_firmicutes_clostridia_clostridiales_lachnospiraceae_lachnobacterium,0.04210424099869898,0.6127835747419443,0.5400692001860297,2806.0,0.7073472710401096
sleep_awakeningsCount,bacteria_firmicutes_clostridia_clostridiales_ruminococcaceae_anaerotruncus,0.6749238603016023,6.3613269320919,2.2867929410887382e-10,3185.0,4.230566941014166e-09
sleep_awakeningsCount,bacteria_proteobacteria_deltaproteobacteria_desulfovibrionales_desulfovibrionaceae_bilophila,-0.07166404330384071,-0.7798001346754294,0.4355722285101997,2902.0,0.6238518369629957
sleep_awakeningsCount,bacteria_proteobacteria_gammaproteobacteria_enterobacteriales_enterobacteriaceae,0.1560670221896109,2.440876242517017,0.014707099193964322,3115.0,0.048014353250883525
sleep_awakeningsCount,bacteria_firmicutes_bacilli_lactobacillales_streptococcaceae,-0.33755974238490405,-3.7155606765308162,0.00020594678021827755,3477.0,0.0012031627686436214
sleep_awakeningsCount,bacteria_firmicutes_clostridia_clostridiales_tissierellaceae,-0.1876113771857787,-1.4805049309731202,0.13886097906877762,2578.0,0.2653206607924267
sleep_awakeningsCount,bacteria_firmicutes_clostridia_clostridiales_lachnospiraceae,-0.1329926197201598,-0.5412885936200482,0.5883425986920222,3560.0,0.7567568491341974
sleep_awakeningsCount,bacteria_bacteroidetes_bacteroidia_bacteroidales_prevotellaceae,0.07951186708293925,1.8130202968939348,0.06991825969196809,3351.0,0.15838626175119302
sleep_awakeningsCount,bacteria_firmicutes_clostridia_clostridiales_ruminococcaceae,1.3576879635166128,5.054930255916262,4.5227187394874427e-07,3560.0,4.4624158229609435e-06
sleep_awakeningsCount,bacteria_firmicutes_clostridia_clostridiales_unclassified,0.40814401491017394,1.9544412519757812,0.05072734020231855,3560.0,0.1224072774447252
sleep_awakeningsCount,bacteria_firmicutes_erysipelotrichi_erysipelotrichales_erysipelotrichaceae,-0.4722800988881686,-4.882572719184571,1.0932385322571147e-06,3557.0,1.011245642337831e-05
sleep_awakeningsCount,bacteria_firmicutes_clostridia_clostridiales_clostridiaceae,-0.9095948083690294,-8.491860521621934,2.946989515664312e-17,3558.0,1.1895121317772313e-15
sleep_awakeningsCount,bacteria_firmicutes_clostridia_clostridiales_christensenellaceae,0.052876308269346424,0.6863135037072461,0.4925625951669701,3379.0,0.6708521234789409
sleep_awakeningsCount,bacteria_actinobacteria_actinobacteria_bifidobacteriales_bifidobacteriaceae,-0.11311121516754336,-1.9593278243810188,0.05015710156658751,3360.0,0.12236128074486184
sleep_awakeningsCount,bacteria_firmicutes_bacilli_lactobacillales_lactobacillaceae,-0.16077658090120078,-1.9042479984989804,0.05698000080072771,2813.0,0.13315326502906896
sleep_awakeningsCount,bacteria_firmicutes_clostridia_clostridiales_veillonellaceae,0.04005508269169382,0.4144000336518204,0.6786062441411604,3549.0,0.8187700167128495
sleep_awakeningsCount,bacteria_firmicutes_clostridia_clostridiales_peptostreptococcaceae,-0.4305013422901049,-6.078006069200083,1.3553743262365874e-09,3315.0,2.3145623109578647e-08
sleep_awakeningsCount,bacteria_bacteroidetes_bacteroidia_bacteroidales_bacteroidaceae,0.6932925945884537,5.96354982486325,2.709459507402055e-09,3560.0,4.0100000709550416e-08
sleep_awakeningsCount,bacteria_bacteroidetes_bacteroidia_bacteroidales_porphyromonadaceae,0.44944592763212343,5.76019903063516,9.121012837743287e-09,3532.0,1.2271908181690968e-07
sleep_awakeningsCount,bacteria_actinobacteria_actinobacteria_actinomycetales_actinomycetaceae,-1.2184009540733056,-10.055517985964405,1.9579217004301154e-23,3145.0,2.173293087477428e-21
sleep_awakeningsCount,bacteria_actinobacteria_coriobacteriia_coriobacteriales_coriobacteriaceae,0.5168486381381244,3.781044156787492,0.00015873866140391345,3559.0,0.001013292175970012
sleep_awakeningsCount,bacteria_proteobacteria_deltaproteobacteria_desulfovibrionales_desulfovibrionaceae,-0.0005376306496102379,-0.006352315343074606,0.9949320280886012,3108.0,0.9964231169245692
sleep_awakeningsCount,bacteria_bacteroidetes_bacteroidia_bacteroidales_rikenellaceae,0.24066275057522776,2.846197653933931,0.00445012978097313,3517.0,0.017641585917429193
sleep_awakeningsCount,bacteria_proteobacteria_gammaproteobacteria_pasteurellales_pasteurellaceae,-0.07854825592716097,-0.9029720481925422,0.366620716756188,2724.0,0.5574643775333817
sleep_awakeningsCount,bacteria_proteobacteria_betaproteobacteria_burkholderiales_alcaligenaceae,0.06685767433944881,0.9606737679001446,0.3367843965784756,3412.0,0.5246746388801514
sleep_awakeningsCount,bacteria_firmicutes_clostridia_clostridiales_mogibacteriaceae,0.10211142977859039,0.819288575314084,0.4126782335636977,3464.0,0.6047166194794779
sleep_awakeningsCount,bacteria_bacteroidetes_bacteroidia_bacteroidales_odoribacteraceae,0.10130257597333946,1.1334459469927514,0.25711450691602383,3111.0,0.43036959671933134
sleep_awakeningsCount,bacteria_bacteroidetes_bacteroidia_bacteroidales_barnesiellaceae,-0.02415887810971988,-0.41719587080210624,0.6765670380551732,2813.0,0.8187700167128495
sleep_awakeningsCount,bacteria_verrucomicrobia_verrucomicrobiae_verrucomicrobiales_verrucomicrobiaceae,-0.024212749734567038,-0.4190262986513582,0.6752266733747951,3029.0,0.8187700167128495
sleep_efficiency,bacteria_firmicutes_bacilli_lactobacillales_streptococcaceae_streptococcus,-0.018243946582162607,-0.8169029358124352,0.41404357376392975,3266.0,0.6047215353657395
sleep_efficiency,bacteria_firmicutes_clostridia_clostridiales_lachnospiraceae_unclassified,-0.14942693495094359,-2.9115370242863445,0.0036204201767686276,3338.0,0.014723622691022842
sleep_efficiency,bacteria_bacteroidetes_bacteroidia_bacteroidales_prevotellaceae_prevotella,-0.017210719163459516,-1.5617499330073927,0.11844761944097444,3147.0,0.23473355731939208
sleep_efficiency,bacteria_firmicutes_clostridia_clostridiales_lachnospiraceae_coprococcus,0.014274610864922543,0.44036921354898784,0.6596982927679251,3336.0,0.8187700167128495
sleep_efficiency,bacteria_firmicutes_clostridia_clostridiales_ruminococcaceae_ruminococcus,0.045847447075629495,1.539734520722066,0.12372000552839925,3338.0,0.24173413645518327
sleep_efficiency,bacteria_proteobacteria_gammaproteobacteria_enterobacteriales_enterobacteriaceae_unclassified,-0.003515413017139035,-0.21232647504619373,0.8318676495131001,2832.0,0.9164993458655495
sleep_efficiency,bacteria_firmicutes_clostridia_clostridiales_unclassified_unclassified,0.04748749884267625,0.9075160607006499,0.36419956806025255,3338.0,0.5556859388960554
sleep_efficiency,bacteria_firmicutes_clostridia_clostridiales_ruminococcaceae_oscillospira,0.013582067427469091,0.2952406174431196,0.7678284654681984,3338.0,0.8741431760714874
sleep_efficiency,bacteria_firmicutes_erysipelotrichi_erysipelotrichales_erysipelotrichaceae_unclassified,-0.01846564856086319,-0.894531048941096,0.3711030811692667,3304.0,0.559222970164294
sleep_efficiency,bacteria_firmicutes_clostridia_clostridiales_ruminococcaceae_unclassified,0.06336542107786752,1.1114229907312787,0.2664664856940685,3338.0,0.43865418950717466
sleep_efficiency,bacteria_firmicutes_clostridia_clostridiales_christensenellaceae_unclassified,0.06926402016726027,3.6439175974872575,0.000272863599328765,3147.0,0.0015532235654098928
sleep_efficiency,bacteria_firmicutes_bacilli_lactobacillales_lactobacillaceae_lactobacillus,-0.023675230226532673,-1.1019263203312073,0.2705970895764912,2570.0,0.4416561383385313
sleep_efficiency,bacteria_firmicutes_clostridia_clostridiales_veillonellaceae_veillonella,-0.02482281335004386,-1.149568904630962,0.250416792474828,2889.0,0.4243704422092505
sleep_efficiency,bacteria_actinobacteria_actinobacteria_bifidobacteriales_bifidobacteriaceae_bifidobacterium,0.005236916005491597,0.3604813069177191,0.7185114646010144,3147.0,0.8377815314887541
sleep_efficiency,bacteria_firmicutes_clostridia_clostridiales_peptostreptococcaceae_unclassified,0.014240181843136579,0.8000191251333437,0.4237626610217745,3024.0,0.6123712358397106
sleep_efficiency,bacteria_bacteroidetes_bacteroidia_bacteroidales_bacteroidaceae_bacteroides,0.001215194954097186,0.04132880075188103,0.9670362484348671,3338.0,0.9828684390239201
sleep_efficiency,bacteria_firmicutes_clostridia_clostridiales_clostridiaceae_unclassified,0.03888217798769507,1.462328936521472,0.14374620060380422,3309.0,0.26883289333195187
sleep_efficiency,bacteria_firmicutes_clostridia_clostridiales_lachnospiraceae_blautia,-0.01697017591964407,-0.655772485047235,0.5120157852437933,3338.0,0.6851602868854071
sleep_efficiency,bacteria_firmicutes_clostridia_clostridiales_veillonellaceae_dialister,-0.0059314444759418754,-0.4699105708247402,0.6384584119686609,2599.0,0.798522633560804
sleep_efficiency,bacteria_firmicutes_clostridia_clostridiales_lachnospiraceae_lachnospira,-0.009213148938585713,-0.4199056635354926,0.674581558078509,3323.0,0.8187700167128495
sleep_efficiency,bacteria_actinobacteria_actinobacteria_actinomycetales_actinomycetaceae_actinomyces,0.007304432745273834,0.2275348434637608,0.820023829956656,2921.0,0.9102264512518882
sleep_efficiency,bacteria_actinobacteria_coriobacteriia_coriobacteriales_coriobacteriaceae_unclassified,0.030834282221413566,1.2899517739579336,0.19716067287260214,3203.0,0.34600529152345993
sleep_efficiency,bacteria_firmicutes_clostridia_clostridiales_clostridiaceae_clostridium,0.005638716833382152,0.314697271992539,0.7530114835051405,3293.0,0.8616935532893876
sleep_efficiency,bacteria_firmicutes_clostridia_clostridiales_lachnospiraceae_dorea,-0.07628966514825751,-2.4322041157507175,0.015059604644686087,3335.0,0.048401343844075906
sleep_efficiency,bacteria_bacteroidetes_bacteroidia_bacteroidales_rikenellaceae_unclassified,0.015785317881763888,0.7502435544776926,0.453161761486801,3290.0,0.6448840451927552
sleep_efficiency,bacteria_firmicutes_clostridia_clostridiales_lachnospiraceae_roseburia,-0.00019325595317725883,-0.008018533928149682,0.993602685902494,3325.0,0.9964231169245692
sleep_efficiency,bacteria_proteobacteria_gammaproteobacteria_pasteurellales_pasteurellaceae_haemophilus,-0.0194196524112506,-0.8913701012545737,0.3728153134428627,2538.0,0.559222970164294
sleep_efficiency,bacteria_firmicutes_bacilli_lactobacillales_streptococcaceae_lactococcus,-0.020065896564237296,-0.8042833724741312,0.42130875512288757,2540.0,0.6123712358397106
sleep_efficiency,bacteria_firmicutes_clostridia_clostridiales_lachnospiraceae_ruminococcus,-0.03721794260274659,-1.466979305975769,0.1424760309348315,3338.0,0.2683854086823916
sleep_efficiency,bacteria_proteobacteria_betaproteobacteria_burkholderiales_alcaligenaceae_sutterella,-0.011057549712555181,-0.6328378201474983,0.526884873609725,3198.0,0.6962407258414223
sleep_efficiency,bacteria_firmicutes_clostridia_clostridiales_mogibacteriaceae_unclassified,0.03850207943981521,1.246449115305931,0.21268980686782854,3240.0,0.3689998682515554
sleep_efficiency,bacteria_bacteroidetes_bacteroidia_bacteroidales_barnesiellaceae_unclassified,0.01799761345143605,1.233216763395965,0.21760540637593098,2628.0,0.3759408577078341
sleep_efficiency,bacteria_firmicutes_erysipelotrichi_erysipelotrichales_erysipelotrichaceae_eubacterium,-0.05520923109378979,-3.530543995399233,0.0004205839893293444,3189.0,0.002249870979062999
sleep_efficiency,bacteria_firmicutes_clostridia_clostridiales_lachnospiraceae_anaerostipes,0.022464435217426103,0.949283928933533,0.3425501983028849,3106.0,0.5299382858762401
sleep_efficiency,bacteria_actinobacteria_coriobacteriia_coriobacteriales_coriobacteriaceae_eggerthella,0.021089175000837512,0.9835762660744841,0.32540903137619104,2800.0,0.5141694303595332
sleep_efficiency,bacteria_actinobacteria_coriobacteriia_coriobacteriales_coriobacteriaceae_collinsella,0.0016275502367189615,0.08866468030088559,0.9293543568399908,2987.0,0.9686228507909763
sleep_efficiency,bacteria_firmicutes_clostridia_clostridiales_veillonellaceae_phascolarctobacterium,0.006122638711845468,0.4358770055023831,0.6629600571856225,2765.0,0.8187700167128495
sleep_efficiency,bacteria_firmicutes_clostridia_clostridiales_ruminococcaceae_faecalibacterium,-0.016596740978036303,-0.6539436221670549,0.5131932432545658,3338.0,0.6851602868854071
sleep_efficiency,bacteria_bacteroidetes_bacteroidia_bacteroidales_porphyromonadaceae_parabacteroides,-0.01948898690934249,-1.0122505119944796,0.31149250166247294,3305.0,0.4939381097790642
sleep_efficiency,bacteria_firmicutes_erysipelotrichi_erysipelotrichales_erysipelotrichaceae_coprobacillus,0.0022377599480284584,0.09117903705377518,0.9273571203647756,2695.0,0.9686228507909763
sleep_efficiency,bacteria_firmicutes_erysipelotrichi_erysipelotrichales_erysipelotrichaceae_holdemania,-0.023375738784966564,-0.7459968822304696,0.4557261367475802,3090.0,0.6463123998314337
sleep_efficiency,bacteria_actinobacteria_coriobacteriia_coriobacteriales_coriobacteriaceae_adlercreutzia,0.049124044959999356,1.760773443626866,0.07838258012414527,2893.0,0.1722864632431708
sleep_efficiency,bacteria_bacteroidetes_bacteroidia_bacteroidales_odoribacteraceae_odoribacter,0.020133292580982582,0.8372732781879756,0.40251296899432576,2709.0,0.5937400605763477
sleep_efficiency,bacteria_verrucomicrobia_verrucomicrobiae_verrucomicrobiales_verrucomicrobiaceae_akkermansia,0.04122063359071545,2.830470839465857,0.004680668729884721,2842.0,0.018229972947972073
sleep_efficiency,bacteria_firmicutes_clostridia_clostridiales_clostridiaceae_smb53,0.04006567742512602,2.1269495740054696,0.03350202537176061,3145.0,0.0891437869884189
sleep_efficiency,bacteria_firmicutes_clostridia_clostridiales_lachnospiraceae_lachnobacterium,0.006559854622847666,0.381167155420657,0.7031100538891895,2631.0,0.8347109331688922
sleep_efficiency,bacteria_firmicutes_clostridia_clostridiales_ruminococcaceae_anaerotruncus,-0.001058789291870088,-0.040452220515418226,0.9677353054492547,2988.0,0.9828684390239201
sleep_efficiency,bacteria_proteobacteria_deltaproteobacteria_desulfovibrionales_desulfovibrionaceae_bilophila,0.016085963499763666,0.6913271499010945,0.48941888515537424,2729.0,0.6686214923353421
sleep_efficiency,bacteria_proteobacteria_gammaproteobacteria_enterobacteriales_enterobacteriaceae,0.004318234126720635,0.2673469717055367,0.7892209436527279,2919.0,0.8893758857406374
sleep_efficiency,bacteria_firmicutes_bacilli_lactobacillales_streptococcaceae,-0.018843164862661688,-0.82733151604665,0.40810968405290526,3268.0,0.6000023169519534
sleep_efficiency,bacteria_firmicutes_clostridia_clostridiales_tissierellaceae,-0.008247462190896601,-0.2520541646664471,0.8010206279159393,2422.0,0.894304366389333
sleep_efficiency,bacteria_firmicutes_clostridia_clostridiales_lachnospiraceae,-0.1824117412318097,-2.95826020824824,0.003115566311141075,3338.0,0.012928144319127451
sleep_efficiency,bacteria_bacteroidetes_bacteroidia_bacteroidales_prevotellaceae,-0.017329782984518264,-1.572645681092648,0.11590150456252074,3149.0,0.23180300912504148
sleep_efficiency,bacteria_firmicutes_clostridia_clostridiales_ruminococcaceae,-0.026741505883353056,-0.39390837245416344,0.6936738871049295,3338.0,0.8324086645259153
sleep_efficiency,bacteria_firmicutes_clostridia_clostridiales_unclassified,0.04748749884267625,0.9075160607006499,0.36419956806025255,3338.0,0.5556859388960554
sleep_efficiency,bacteria_firmicutes_erysipelotrichi_erysipelotrichales_erysipelotrichaceae,-0.05858090120085435,-2.399059016860141,0.016491915638741486,3335.0,0.052302932454294425
sleep_efficiency,bacteria_firmicutes_clostridia_clostridiales_clostridiaceae,0.04858383532349331,1.7972895323761031,0.07238021142689956,3336.0,0.16230714077547173
sleep_efficiency,bacteria_firmicutes_clostridia_clostridiales_christensenellaceae,0.07256971260298195,3.7799575828226697,0.00015975327098626316,3165.0,0.001013292175970012
sleep_efficiency,bacteria_actinobacteria_actinobacteria_bifidobacteriales_bifidobacteriaceae,0.005225648441314118,0.35995200600456123,0.7189071249937282,3159.0,0.8377815314887541
sleep_efficiency,bacteria_firmicutes_bacilli_lactobacillales_lactobacillaceae,-0.022317824883061742,-1.043366091431437,0.2968745193223954,2639.0,0.47414491575231493
sleep_efficiency,bacteria_firmicutes_clostridia_clostridiales_veillonellaceae,-0.03600971295362587,-1.466321626450747,0.1426553073176676,3328.0,0.2683854086823916
sleep_efficiency,bacteria_firmicutes_clostridia_clostridiales_peptostreptococcaceae,0.028605369455893648,1.5959486702674104,0.11060182314295121,3116.0,0.22630050449525502
sleep_efficiency,bacteria_bacteroidetes_bacteroidia_bacteroidales_bacteroidaceae,0.00120443491961756,0.04096309101956627,0.967327773743398,3338.0,0.9828684390239201
sleep_efficiency,bacteria_bacteroidetes_bacteroidia_bacteroidales_porphyromonadaceae,-0.021567024376100363,-1.0996634220500308,0.2715588418162591,3312.0,0.4416561383385313
sleep_efficiency,bacteria_actinobacteria_actinobacteria_actinomycetales_actinomycetaceae,0.016790070404338497,0.5344067016793121,0.5931005091706667,2951.0,0.7567568491341974
sleep_efficiency,bacteria_actinobacteria_coriobacteriia_coriobacteriales_coriobacteriaceae,-0.02458228501359578,-0.7219776340573147,0.4703588910138752,3337.0,0.6525571556319453
sleep_efficiency,bacteria_proteobacteria_deltaproteobacteria_desulfovibrionales_desulfovibrionaceae,-0.02911944267333544,-1.371194926431122,0.17041963829607212,2923.0,0.3075866642416911
sleep_efficiency,bacteria_bacteroidetes_bacteroidia_bacteroidales_rikenellaceae,0.013907096772415549,0.6538443718090159,0.5132577308112674,3298.0,0.6851602868854071
sleep_efficiency,bacteria_proteobacteria_gammaproteobacteria_pasteurellales_pasteurellaceae,-0.014399969083009771,-0.6685188246695256,0.5038626013026487,2571.0,0.6841437155302019
sleep_efficiency,bacteria_proteobacteria_betaproteobacteria_burkholderiales_alcaligenaceae,-0.011059701538339572,-0.6329612321480997,0.5268042873917149,3198.0,0.6962407258414223
sleep_efficiency,bacteria_firmicutes_clostridia_clostridiales_mogibacteriaceae,0.046130722494878096,1.4907580966743774,0.13612221105440353,3250.0,0.2616374965721003
sleep_efficiency,bacteria_bacteroidetes_bacteroidia_bacteroidales_odoribacteraceae,0.00010031257348156603,0.004483357772374635,0.9964231169245692,2919.0,0.9964231169245692
sleep_efficiency,bacteria_bacteroidetes_bacteroidia_bacteroidales_barnesiellaceae,0.01843153148070828,1.264681171794738,0.20609786689678325,2631.0,0.3602655626069754
sleep_efficiency,bacteria_verrucomicrobia_verrucomicrobiae_verrucomicrobiales_verrucomicrobiaceae,0.04122063359071545,2.830470839465857,0.004680668729884721,2842.0,0.018229972947972073
sleep_minutesAfterWakeup,bacteria_firmicutes_bacilli_lactobacillales_streptococcaceae_streptococcus,0.0024556935478502392,0.4151428789653202,0.6780674913350171,2956.0,0.8187700167128495
sleep_minutesAfterWakeup,bacteria_firmicutes_clostridia_clostridiales_lachnospiraceae_unclassified,0.02138936474995172,1.57571937937705,0.11519526504566413,3024.0,0.23143302117771436
sleep_minutesAfterWakeup,bacteria_bacteroidetes_bacteroidia_bacteroidales_prevotellaceae_prevotella,-0.010154759691144303,-3.5162390592911286,0.00044456302597781694,2844.0,0.0023191627406352025
sleep_minutesAfterWakeup,bacteria_firmicutes_clostridia_clostridiales_lachnospiraceae_coprococcus,0.012507229021674551,1.4379636888926945,0.15054807046336013,3022.0,0.2785139303572162
sleep_minutesAfterWakeup,bacteria_firmicutes_clostridia_clostridiales_ruminococcaceae_ruminococcus,0.0005091723885189844,0.06491847417002244,0.9482432094797819,3024.0,0.9828684390239201
sleep_minutesAfterWakeup,bacteria_proteobacteria_gammaproteobacteria_enterobacteriales_enterobacteriaceae_unclassified,-0.003972725276897941,-0.9151907720265132,0.360177514814084,2570.0,0.5552736686717128
sleep_minutesAfterWakeup,bacteria_firmicutes_clostridia_clostridiales_unclassified_unclassified,0.004536517669795676,0.3252243270037551,0.7450338343561274,3024.0,0.8572606000071187
sleep_minutesAfterWakeup,bacteria_firmicutes_clostridia_clostridiales_ruminococcaceae_oscillospira,-0.0032064975187014455,-0.2630196485463351,0.7925533827463703,3024.0,0.8908701314921226
sleep_minutesAfterWakeup,bacteria_firmicutes_erysipelotrichi_erysipelotrichales_erysipelotrichaceae_unclassified,0.0005118790553748269,0.09389887944590015,0.9251957796118008,2993.0,0.9686228507909763
sleep_minutesAfterWakeup,bacteria_firmicutes_clostridia_clostridiales_ruminococcaceae_unclassified,-0.0009150669288315455,-0.0607836286877133,0.95153555194834,3024.0,0.9828684390239201
sleep_minutesAfterWakeup,bacteria_firmicutes_clostridia_clostridiales_christensenellaceae_unclassified,-0.007388698811991338,-1.479064796965554,0.13923359001044014,2853.0,0.2653206607924267
sleep_minutesAfterWakeup,bacteria_firmicutes_bacilli_lactobacillales_lactobacillaceae_lactobacillus,0.004041524216833303,0.7038033194020329,0.48162614009042104,2317.0,0.6620495547992166
sleep_minutesAfterWakeup,bacteria_firmicutes_clostridia_clostridiales_veillonellaceae_veillonella,-0.0014355728295451587,-0.2577839180861233,0.796594007295045,2614.0,0.8931508566641414
sleep_minutesAfterWakeup,bacteria_actinobacteria_actinobacteria_bifidobacteriales_bifidobacteriaceae_bifidobacterium,-0.00018611973501221873,-0.04824842461738315,0.9615216504149886,2845.0,0.9828684390239201
sleep_minutesAfterWakeup,bacteria_firmicutes_clostridia_clostridiales_peptostreptococcaceae_unclassified,0.0011742470240436557,0.24863036807190184,0.8036654103363601,2736.0,0.894304366389333
sleep_minutesAfterWakeup,bacteria_bacteroidetes_bacteroidia_bacteroidales_bacteroidaceae_bacteroides,0.017923459875968595,2.2758588875956094,0.022924214272399386,3024.0,0.06653398852457128
sleep_minutesAfterWakeup,bacteria_firmicutes_clostridia_clostridiales_clostridiaceae_unclassified,0.0025922075357316726,0.37082450578165066,0.710794508436432,2996.0,0.8347109331688922
sleep_minutesAfterWakeup,bacteria_firmicutes_clostridia_clostridiales_lachnospiraceae_blautia,0.014411619809966136,2.105430188694984,0.035336275923337226,3024.0,0.0891437869884189
sleep_minutesAfterWakeup,bacteria_firmicutes_clostridia_clostridiales_veillonellaceae_dialister,0.002405543838034451,0.7247866708147628,0.46865553419723016,2340.0,0.652297984901474
sleep_minutesAfterWakeup,bacteria_firmicutes_clostridia_clostridiales_lachnospiraceae_lachnospira,0.004035973820576393,0.6959552772745325,0.48651064096609054,3011.0,0.6666997672498278
sleep_minutesAfterWakeup,bacteria_actinobacteria_actinobacteria_actinomycetales_actinomycetaceae_actinomyces,-0.000359041835500701,-0.042142936643553786,0.9663879474140963,2638.0,0.9828684390239201
sleep_minutesAfterWakeup,bacteria_actinobacteria_coriobacteriia_coriobacteriales_coriobacteriaceae_unclassified,-0.010418880905329787,-1.6581284115639905,0.09739988707603248,2900.0,0.2079112974123001
sleep_minutesAfterWakeup,bacteria_firmicutes_clostridia_clostridiales_clostridiaceae_clostridium,0.0050664476479160775,1.0623205846607096,0.28817625297659794,2985.0,0.46191428274949276
sleep_minutesAfterWakeup,bacteria_firmicutes_clostridia_clostridiales_lachnospiraceae_dorea,0.008028529635101813,0.9578403322467705,0.3382200002343533,3023.0,0.5250688115526324
sleep_minutesAfterWakeup,bacteria_bacteroidetes_bacteroidia_bacteroidales_rikenellaceae_unclassified,0.0009156859579481986,0.1633855013596234,0.8702260191547058,2979.0,0.9414495807740999
sleep_minutesAfterWakeup,bacteria_firmicutes_clostridia_clostridiales_lachnospiraceae_roseburia,-0.0010406824072742055,-0.16309850451013655,0.8704518334406088,3013.0,0.9414495807740999
sleep_minutesAfterWakeup,bacteria_proteobacteria_gammaproteobacteria_pasteurellales_pasteurellaceae_haemophilus,0.0037591703206954754,0.6647963845905592,0.5062479387690206,2286.0,0.6851602868854071
sleep_minutesAfterWakeup,bacteria_firmicutes_bacilli_lactobacillales_streptococcaceae_lactococcus,-0.006406026294559769,-0.9665240282674361,0.3338836009710241,2306.0,0.5238315153043629
sleep_minutesAfterWakeup,bacteria_firmicutes_clostridia_clostridiales_lachnospiraceae_ruminococcus,0.010576829482847952,1.5596272119833248,0.11895281620915141,3024.0,0.23473355731939208
sleep_minutesAfterWakeup,bacteria_proteobacteria_betaproteobacteria_burkholderiales_alcaligenaceae_sutterella,-0.0024451713872156357,-0.5343597542241018,0.5931337466186952,2896.0,0.7567568491341974
sleep_minutesAfterWakeup,bacteria_firmicutes_clostridia_clostridiales_mogibacteriaceae_unclassified,-0.001644968025400732,-0.20035054437435665,0.8412203587432836,2931.0,0.9222267636593035
sleep_minutesAfterWakeup,bacteria_bacteroidetes_bacteroidia_bacteroidales_barnesiellaceae_unclassified,0.0033704538430930904,0.8873814874773832,0.37496351227319014,2377.0,0.5605515132972944
sleep_minutesAfterWakeup,bacteria_firmicutes_erysipelotrichi_erysipelotrichales_erysipelotrichaceae_eubacterium,0.00599610080231096,1.433960324210616,0.15169203268600964,2888.0,0.2794658195543082
sleep_minutesAfterWakeup,bacteria_firmicutes_clostridia_clostridiales_lachnospiraceae_anaerostipes,0.019365776844264753,3.1037388091553275,0.0019299754046041553,2809.0,0.008161038853754713
sleep_minutesAfterWakeup,bacteria_actinobacteria_coriobacteriia_coriobacteriales_coriobacteriaceae_eggerthella,0.0028949212463343886,0.49163674403605606,0.62301869459658,2542.0,0.781413277968592
sleep_minutesAfterWakeup,bacteria_actinobacteria_coriobacteriia_coriobacteriales_coriobacteriaceae_collinsella,-0.005206489432672508,-1.0835575450582944,0.2786579892169982,2699.0,0.45154798252681455
sleep_minutesAfterWakeup,bacteria_firmicutes_clostridia_clostridiales_veillonellaceae_phascolarctobacterium,-0.004158770920642462,-1.1232799607012998,0.261426337746586,2508.0,0.43368372515932774
sleep_minutesAfterWakeup,bacteria_firmicutes_clostridia_clostridiales_ruminococcaceae_faecalibacterium,0.006394706855611224,0.9666537017581193,0.3337946068814286,3024.0,0.5238315153043629
sleep_minutesAfterWakeup,bacteria_bacteroidetes_bacteroidia_bacteroidales_porphyromonadaceae_parabacteroides,-0.000555228095128869,-0.1076257137904666,0.914299829409305,2991.0,0.9596906010821074
sleep_minutesAfterWakeup,bacteria_firmicutes_erysipelotrichi_erysipelotrichales_erysipelotrichaceae_coprobacillus,-0.004846023357613074,-0.743325817409944,0.4573558037742733,2452.0,0.6463123998314337
sleep_minutesAfterWakeup,bacteria_firmicutes_erysipelotrichi_erysipelotrichales_erysipelotrichaceae_holdemania,0.01284922248996248,1.551253412592097,0.12095406134533945,2803.0,0.23762656299703858
sleep_minutesAfterWakeup,bacteria_actinobacteria_coriobacteriia_coriobacteriales_coriobacteriaceae_adlercreutzia,-0.012422938487182601,-1.6652421975849487,0.09598446127430629,2615.0,0.2058797140376425
sleep_minutesAfterWakeup,bacteria_bacteroidetes_bacteroidia_bacteroidales_odoribacteraceae_odoribacter,0.006436971593008588,1.0207673916231792,0.3074649481767679,2467.0,0.4892990573135661
sleep_minutesAfterWakeup,bacteria_verrucomicrobia_verrucomicrobiae_verrucomicrobiales_verrucomicrobiaceae_akkermansia,0.00044146162777043176,0.11387381976711011,0.9093466967283059,2580.0,0.9577709708639307
sleep_minutesAfterWakeup,bacteria_firmicutes_clostridia_clostridiales_clostridiaceae_smb53,0.0014005340929598268,0.2821508266013401,0.7778483845970655,2850.0,0.8810323539823905
sleep_minutesAfterWakeup,bacteria_firmicutes_clostridia_clostridiales_lachnospiraceae_lachnobacterium,-0.006488485934879627,-1.4202688416039715,0.15566079594259394,2378.0,0.28530813050096415
sleep_minutesAfterWakeup,bacteria_firmicutes_clostridia_clostridiales_ruminococcaceae_anaerotruncus,0.005618249139837599,0.7982454910240229,0.4247980645014209,2712.0,0.6123712358397106
sleep_minutesAfterWakeup,bacteria_proteobacteria_deltaproteobacteria_desulfovibrionales_desulfovibrionaceae_bilophila,-0.0013516084100104549,-0.22044263498259406,0.825544611014649,2482.0,0.9117955405236423
sleep_minutesAfterWakeup,bacteria_proteobacteria_gammaproteobacteria_enterobacteriales_enterobacteriaceae,-0.004969811162449379,-1.1709927366787467,0.2417072987603021,2647.0,0.41197424199486105
sleep_minutesAfterWakeup,bacteria_firmicutes_bacilli_lactobacillales_streptococcaceae,0.002281020504336573,0.3780963972307619,0.7053861606165199,2958.0,0.8347109331688922
sleep_minutesAfterWakeup,bacteria_firmicutes_clostridia_clostridiales_tissierellaceae,-0.0016731023662443579,-0.19628469551207364,0.844405744514342,2172.0,0.923438794493517
sleep_minutesAfterWakeup,bacteria_firmicutes_clostridia_clostridiales_lachnospiraceae,0.054215934804897406,3.3053094200078745,0.000959804085070259,3024.0,0.004533542699693563
sleep_minutesAfterWakeup,bacteria_bacteroidetes_bacteroidia_bacteroidales_prevotellaceae,-0.010102878674610074,-3.4986576133307334,0.0004747897440194549,2846.0,0.0023846685782776987
sleep_minutesAfterWakeup,bacteria_firmicutes_clostridia_clostridiales_ruminococcaceae,0.02005517717469927,1.122420240509336,0.26177305933040507,3024.0,0.43368372515932774
sleep_minutesAfterWakeup,bacteria_firmicutes_clostridia_clostridiales_unclassified,0.004536517669795676,0.3252243270037551,0.7450338343561274,3024.0,0.8572606000071187
sleep_minutesAfterWakeup,bacteria_firmicutes_erysipelotrichi_erysipelotrichales_erysipelotrichaceae,0.0037290650504308155,0.5761691169068801,0.5645438690537707,3021.0,0.7350659174776369
sleep_minutesAfterWakeup,bacteria_firmicutes_clostridia_clostridiales_clostridiaceae,0.002616007722342448,0.36851882195103036,0.7125122605202932,3023.0,0.8347109331688922
sleep_minutesAfterWakeup,bacteria_firmicutes_clostridia_clostridiales_christensenellaceae,-0.00833431354455419,-1.652563298755286,0.09852930653236705,2871.0,0.20884448232202468
sleep_minutesAfterWakeup,bacteria_actinobacteria_actinobacteria_bifidobacteriales_bifidobacteriaceae,0.000696451799430318,0.1806286589808803,0.8566719021048361,2855.0,0.9322605993493804
sleep_minutesAfterWakeup,bacteria_firmicutes_bacilli_lactobacillales_lactobacillaceae,0.00496477246387367,0.8663619601784618,0.38637902645718936,2385.0,0.573753470725726
sleep_minutesAfterWakeup,bacteria_firmicutes_clostridia_clostridiales_veillonellaceae,-0.0038787245319046974,-0.6000249711634047,0.5485347462368768,3016.0,0.7163218450858039
sleep_minutesAfterWakeup,bacteria_firmicutes_clostridia_clostridiales_peptostreptococcaceae,0.0007305979390494702,0.15363342693783108,0.8779097989708748,2818.0,0.9414495807740999
sleep_minutesAfterWakeup,bacteria_bacteroidetes_bacteroidia_bacteroidales_bacteroidaceae,0.017922945363910633,2.2758082043542265,0.022927252802386045,3024.0,0.06653398852457128
sleep_minutesAfterWakeup,bacteria_bacteroidetes_bacteroidia_bacteroidales_porphyromonadaceae,-0.001460567168564224,-0.2790627848296588,0.7802159227318258,2998.0,0.8814653172848109
sleep_minutesAfterWakeup,bacteria_actinobacteria_actinobacteria_actinomycetales_actinomycetaceae,-0.0009363085191309851,-0.1126533964427743,0.9103138506859881,2665.0,0.9577709708639307
sleep_minutesAfterWakeup,bacteria_actinobacteria_coriobacteriia_coriobacteriales_coriobacteriaceae,-0.014471425436876332,-1.6012147664468859,0.10943401779839004,3023.0,0.2249477032522462
sleep_minutesAfterWakeup,bacteria_proteobacteria_deltaproteobacteria_desulfovibrionales_desulfovibrionaceae,-0.004450770767035494,-0.7894895009108399,0.42989678209245974,2648.0,0.6177157645600393
sleep_minutesAfterWakeup,bacteria_bacteroidetes_bacteroidia_bacteroidales_rikenellaceae,-0.0008277201992829069,-0.14566047657423256,0.884199268429729,2987.0,0.9414495807740999
sleep_minutesAfterWakeup,bacteria_proteobacteria_gammaproteobacteria_pasteurellales_pasteurellaceae,0.003488198118969495,0.6220550029188776,0.5339670386481883,2317.0,0.7035055345987999
sleep_minutesAfterWakeup,bacteria_proteobacteria_betaproteobacteria_burkholderiales_alcaligenaceae,-0.0024455823250351585,-0.5344498018687415,0.5930714676046476,2896.0,0.7567568491341974
sleep_minutesAfterWakeup,bacteria_firmicutes_clostridia_clostridiales_mogibacteriaceae,-0.0009878652567869581,-0.11975861067769948,0.9046825691197462,2939.0,0.9577709708639307
sleep_minutesAfterWakeup,bacteria_bacteroidetes_bacteroidia_bacteroidales_odoribacteraceae,0.0026286223793530565,0.45318291844456565,0.6504541764835987,2652.0,0.8112406021312298
sleep_minutesAfterWakeup,bacteria_bacteroidetes_bacteroidia_bacteroidales_barnesiellaceae,0.0034511941534567108,0.9102706422999812,0.3627721678764504,2380.0,0.5556859388960554
sleep_minutesAfterWakeup,bacteria_verrucomicrobia_verrucomicrobiae_verrucomicrobiales_verrucomicrobiaceae,0.00044146162777043176,0.11387381976711011,0.9093466967283059,2580.0,0.9577709708639307
sleep_minutesAsleep,bacteria_firmicutes_bacilli_lactobacillales_streptococcaceae_streptococcus,6.361233950720625,4.442785025377169,9.168056964812217e-06,3349.0,7.018305676511422e-05
sleep_minutesAsleep,bacteria_firmicutes_clostridia_clostridiales_lachnospiraceae_unclassified,9.670737252726536,2.935709767225367,0.0033500283492488886,3426.0,0.013772338769134319
sleep_minutesAsleep,bacteria_bacteroidetes_bacteroidia_bacteroidales_prevotellaceae_prevotella,-2.4560306956526143,-3.486210269991656,0.000496472106061348,3221.0,0.0024492623899026503
sleep_minutesAsleep,bacteria_firmicutes_clostridia_clostridiales_lachnospiraceae_coprococcus,14.365631526892871,6.919928060712719,5.372215225167529e-12,3424.0,1.1926317799871916e-10
sleep_minutesAsleep,bacteria_firmicutes_clostridia_clostridiales_ruminococcaceae_ruminococcus,-1.4213616669785094,-0.7413494934528602,0.458532445826355,3426.0,0.6463123998314337
sleep_minutesAsleep,bacteria_proteobacteria_gammaproteobacteria_enterobacteriales_enterobacteriaceae_unclassified,-2.2882279947453252,-2.1734165468398956,0.0298296210985404,2906.0,0.08125369182669899
sleep_minutesAsleep,bacteria_firmicutes_clostridia_clostridiales_unclassified_unclassified,-4.564761986179443,-1.3381736447564954,0.18092877357080825,3426.0,0.32132950186175546
sleep_minutesAsleep,bacteria_firmicutes_clostridia_clostridiales_ruminococcaceae_oscillospira,-15.551253702576247,-5.292942746918765,1.2794274635634303e-07,3426.0,1.4565789585183667e-06
sleep_minutesAsleep,bacteria_firmicutes_erysipelotrichi_erysipelotrichales_erysipelotrichaceae_unclassified,7.891544205147593,6.01178645983422,2.0298656789065933e-09,3392.0,3.218787005123313e-08
sleep_minutesAsleep,bacteria_firmicutes_clostridia_clostridiales_ruminococcaceae_unclassified,-8.482663986400294,-2.29586664076932,0.021743709308207047,3426.0,0.06436137955229286
sleep_minutesAsleep,bacteria_firmicutes_clostridia_clostridiales_christensenellaceae_unclassified,-0.25421115207045775,-0.20667630244532284,0.8362756765115873,3239.0,0.9190752484434276
sleep_minutesAsleep,bacteria_firmicutes_bacilli_lactobacillales_lactobacillaceae_lactobacillus,4.7222191023966085,3.5093519282068817,0.0004567141805634506,2645.0,0.0023308171973582996
sleep_minutesAsleep,bacteria_firmicutes_clostridia_clostridiales_veillonellaceae_veillonella,-1.4678147817693625,-1.0666584245919304,0.2862132160222809,2961.0,0.46042995620975624
sleep_minutesAsleep,bacteria_actinobacteria_actinobacteria_bifidobacteriales_bifidobacteriaceae_bifidobacterium,-0.020572683229690192,-0.022363735598520618,0.9821591922937769,3228.0,0.9898400200305152
sleep_minutesAsleep,bacteria_firmicutes_clostridia_clostridiales_peptostreptococcaceae_unclassified,6.7790490562327275,6.063938699926393,1.4885886674570328e-09,3107.0,2.447901364262676e-08
sleep_minutesAsleep,bacteria_bacteroidetes_bacteroidia_bacteroidales_bacteroidaceae_bacteroides,-7.114063231613938,-3.7676065791686795,0.00016759722178584375,3426.0,0.0010347106978067892
sleep_minutesAsleep,bacteria_firmicutes_clostridia_clostridiales_clostridiaceae_unclassified,3.4775449976011705,2.020153746642,0.04344597103331108,3394.0,0.10776542535636939
sleep_minutesAsleep,bacteria_firmicutes_clostridia_clostridiales_lachnospiraceae_blautia,11.977749463305173,7.211628283864259,6.774113132219651e-13,3426.0,1.5830032793186973e-11
sleep_minutesAsleep,bacteria_firmicutes_clostridia_clostridiales_veillonellaceae_dialister,-0.9004621656347354,-1.138523908792928,0.25500469533638276,2655.0,0.4288715330657346
sleep_minutesAsleep,bacteria_firmicutes_clostridia_clostridiales_lachnospiraceae_lachnospira,-4.955934198495668,-3.496173782024001,0.00047800789069079994,3411.0,0.0023846685782776987
sleep_minutesAsleep,bacteria_actinobacteria_actinobacteria_actinomycetales_actinomycetaceae_actinomyces,20.91318692741421,10.498171287028573,2.414051401890882e-25,2998.0,5.359194112197759e-23
sleep_minutesAsleep,bacteria_actinobacteria_coriobacteriia_coriobacteriales_coriobacteriaceae_unclassified,-0.11412769978138271,-0.07425328418637825,0.9408133733128182,3287.0,0.9782696434447103
sleep_minutesAsleep,bacteria_firmicutes_clostridia_clostridiales_clostridiaceae_clostridium,10.65824987480325,9.309134640003116,2.255604812758677e-20,3379.0,1.4306979098069325e-18
sleep_minutesAsleep,bacteria_firmicutes_clostridia_clostridiales_lachnospiraceae_dorea,1.0777288341616442,0.5289594374750319,0.5968679359474383,3423.0,0.7572817036748946
sleep_minutesAsleep,bacteria_bacteroidetes_bacteroidia_bacteroidales_rikenellaceae_unclassified,-2.5620453934061778,-1.88138302861546,0.060005862685065074,3379.0,0.13876355745921298
sleep_minutesAsleep,bacteria_firmicutes_clostridia_clostridiales_lachnospiraceae_roseburia,-8.446983342339887,-5.4794293829417935,4.576613751811806e-08,3414.0,5.34741185738011e-07
sleep_minutesAsleep,bacteria_proteobacteria_gammaproteobacteria_pasteurellales_pasteurellaceae_haemophilus,-0.06675464647030638,-0.04750838934248949,0.9621117013565428,2599.0,0.9828684390239201
sleep_minutesAsleep,bacteria_firmicutes_bacilli_lactobacillales_streptococcaceae_lactococcus,5.5872679321569825,3.6294686559315,0.0002894663263638674,2612.0,0.001606538111319464
sleep_minutesAsleep,bacteria_firmicutes_clostridia_clostridiales_lachnospiraceae_ruminococcus,14.980767644086882,9.2838134728683,2.823702725001355e-20,3426.0,1.5671550123757522e-18
sleep_minutesAsleep,bacteria_proteobacteria_betaproteobacteria_burkholderiales_alcaligenaceae_sutterella,0.1719570840232203,0.15385228301496262,0.8777356648651955,3288.0,0.9414495807740999
sleep_minutesAsleep,bacteria_firmicutes_clostridia_clostridiales_mogibacteriaceae_unclassified,-3.217691750853083,-1.6034666622230997,0.10892667082583035,3329.0,0.22494624114729617
sleep_minutesAsleep,bacteria_bacteroidetes_bacteroidia_bacteroidales_barnesiellaceae_unclassified,-1.3762127570844698,-1.4748337028834497,0.14037406453498996,2700.0,0.2663507891176733
sleep_minutesAsleep,bacteria_firmicutes_erysipelotrichi_erysipelotrichales_erysipelotrichaceae_eubacterium,1.6888148824400677,1.6874523315833276,0.0916117779566502,3275.0,0.1974545117123917
sleep_minutesAsleep,bacteria_firmicutes_clostridia_clostridiales_lachnospiraceae_anaerostipes,3.576722995512384,2.375764301211721,0.01757151649143734,3188.0,0.05494192480421253
sleep_minutesAsleep,bacteria_actinobacteria_coriobacteriia_coriobacteriales_coriobacteriaceae_eggerthella,0.7752003534713393,0.5523930456001036,0.5807220492385892,2879.0,0.7539198533974666
sleep_minutesAsleep,bacteria_actinobacteria_coriobacteriia_coriobacteriales_coriobacteriaceae_collinsella,-2.328784315526843,-1.988757334216766,0.04681674234755912,3071.0,0.11484327957080802
sleep_minutesAsleep,bacteria_firmicutes_clostridia_clostridiales_veillonellaceae_phascolarctobacterium,0.29878289945537573,0.3268022061816684,0.7438416242877304,2839.0,0.8572606000071187
sleep_minutesAsleep,bacteria_firmicutes_clostridia_clostridiales_ruminococcaceae_faecalibacterium,-5.033570820723664,-3.104786536404048,0.001919739356642229,3426.0,0.008161038853754713
sleep_minutesAsleep,bacteria_bacteroidetes_bacteroidia_bacteroidales_porphyromonadaceae_parabacteroides,-5.606300305077572,-4.520870897208868,6.369367060801651e-06,3393.0,5.141816318174424e-05
sleep_minutesAsleep,bacteria_firmicutes_erysipelotrichi_erysipelotrichales_erysipelotrichaceae_coprobacillus,3.6607791952119904,2.318030157304316,0.02052062887700001,2758.0,0.0617235083336916
sleep_minutesAsleep,bacteria_firmicutes_erysipelotrichi_erysipelotrichales_erysipelotrichaceae_holdemania,-4.0775761624054745,-2.0488100619345446,0.04056299010605245,3170.0,0.10117959329824319
sleep_minutesAsleep,bacteria_actinobacteria_coriobacteriia_coriobacteriales_coriobacteriaceae_adlercreutzia,-4.8532832087471505,-2.6796816629189246,0.00740995761875049,2970.0,0.027647236829623677
sleep_minutesAsleep,bacteria_bacteroidetes_bacteroidia_bacteroidales_odoribacteraceae_odoribacter,-6.942999234457135,-4.487015065208684,7.516651685363324e-06,2781.0,5.9596309791094934e-05
sleep_minutesAsleep,bacteria_verrucomicrobia_verrucomicrobiae_verrucomicrobiales_verrucomicrobiaceae_akkermansia,-0.38836465231013095,-0.4143883715900399,0.6786201940322717,2920.0,0.8187700167128495
sleep_minutesAsleep,bacteria_firmicutes_clostridia_clostridiales_clostridiaceae_smb53,7.776320891291581,6.534987499224899,7.368321256418639e-11,3224.0,1.4870611990226706e-09
sleep_minutesAsleep,bacteria_firmicutes_clostridia_clostridiales_lachnospiraceae_lachnobacterium,-2.279830656995822,-2.1122078057741827,0.03476022982648384,2705.0,0.0891437869884189
sleep_minutesAsleep,bacteria_firmicutes_clostridia_clostridiales_ruminococcaceae_anaerotruncus,-7.668482412988005,-4.471190710639727,8.061496108265452e-06,3063.0,6.279481179069931e-05
sleep_minutesAsleep,bacteria_proteobacteria_deltaproteobacteria_desulfovibrionales_desulfovibrionaceae_bilophila,1.3157461458342037,0.8924809759234902,0.37221207031159353,2798.0,0.559222970164294
sleep_minutesAsleep,bacteria_proteobacteria_gammaproteobacteria_enterobacteriales_enterobacteriaceae,-1.944313113600924,-1.8908408857679895,0.05874218254402603,2995.0,0.13655250811281444
sleep_minutesAsleep,bacteria_firmicutes_bacilli_lactobacillales_streptococcaceae,6.809716844800442,4.655690328667575,3.3544572890874877e-06,3351.0,2.864190454528547e-05
sleep_minutesAsleep,bacteria_firmicutes_clostridia_clostridiales_tissierellaceae,9.466818415558507,4.675434280274166,3.089810039457412e-06,2496.0,2.6899522696452762e-05
sleep_minutesAsleep,bacteria_firmicutes_clostridia_clostridiales_lachnospiraceae,13.148687382822319,3.2977761081029295,0.0009845006004547828,3426.0,0.004601244911599195
sleep_minutesAsleep,bacteria_bacteroidetes_bacteroidia_bacteroidales_prevotellaceae,-2.474839042591418,-3.5129813787638966,0.00044920719751042205,3223.0,0.0023191627406352025
sleep_minutesAsleep,bacteria_firmicutes_clostridia_clostridiales_ruminococcaceae,-18.109972976735428,-4.16561064835349,3.181933634780424e-05,3426.0,0.00022786750545846909
sleep_minutesAsleep,bacteria_firmicutes_clostridia_clostridiales_unclassified,-4.564761986179443,-1.3381736447564954,0.18092877357080825,3426.0,0.32132950186175546
sleep_minutesAsleep,bacteria_firmicutes_erysipelotrichi_erysipelotrichales_erysipelotrichaceae,11.314469894365171,7.252430995472284,5.039094306923246e-13,3424.0,1.2429765957077338e-11
sleep_minutesAsleep,bacteria_firmicutes_clostridia_clostridiales_clostridiaceae,14.034924249822469,8.135826463001559,5.666663490205722e-16,3425.0,2.0966654913761168e-14
sleep_minutesAsleep,bacteria_firmicutes_clostridia_clostridiales_christensenellaceae,-0.4735558129716957,-0.38115450226862474,0.7031134983247486,3258.0,0.8347109331688922
sleep_minutesAsleep,bacteria_actinobacteria_actinobacteria_bifidobacteriales_bifidobacteriaceae,-0.032638435795539864,-0.03544604423857741,0.9717262573459736,3239.0,0.9828684390239201
sleep_minutesAsleep,bacteria_firmicutes_bacilli_lactobacillales_lactobacillaceae,4.206469180203664,3.1417885955738627,0.0016973293699824538,2713.0,0.007402028437377536
sleep_minutesAsleep,bacteria_firmicutes_clostridia_clostridiales_veillonellaceae,1.871303107696268,1.193438534565393,0.23278066896423596,3416.0,0.39905257536726163
sleep_minutesAsleep,bacteria_firmicutes_clostridia_clostridiales_peptostreptococcaceae,6.3913176253983135,5.615763781775813,2.124646744011658e-08,3198.0,2.695266155260503e-07
sleep_minutesAsleep,bacteria_bacteroidetes_bacteroidia_bacteroidales_bacteroidaceae,-7.113477155339367,-3.7673169204935375,0.00016779092396866855,3426.0,0.0010347106978067892
sleep_minutesAsleep,bacteria_bacteroidetes_bacteroidia_bacteroidales_porphyromonadaceae,-5.8763706058076615,-4.646383109107219,3.506445993426752e-06,3399.0,2.9374755114744865e-05
sleep_minutesAsleep,bacteria_actinobacteria_actinobacteria_actinomycetales_actinomycetaceae,21.183693930733266,10.888279942379357,4.145326598860778e-27,3030.0,1.8405250098941855e-24
sleep_minutesAsleep,bacteria_actinobacteria_coriobacteriia_coriobacteriales_coriobacteriaceae,-8.212619149317746,-3.7301070260116145,0.0001945044204231485,3425.0,0.0011615789789466628
sleep_minutesAsleep,bacteria_proteobacteria_deltaproteobacteria_desulfovibrionales_desulfovibrionaceae,0.9641616361266652,0.7078691713095562,0.47908167932467904,2995.0,0.6605970981992468
sleep_minutesAsleep,bacteria_bacteroidetes_bacteroidia_bacteroidales_rikenellaceae,-2.0159885273194376,-1.4610153723766524,0.14410411849775798,3387.0,0.26883289333195187
sleep_minutesAsleep,bacteria_proteobacteria_gammaproteobacteria_pasteurellales_pasteurellaceae,0.04907966830272157,0.03535406107081148,0.9718001007466237,2633.0,0.9828684390239201
sleep_minutesAsleep,bacteria_proteobacteria_betaproteobacteria_burkholderiales_alcaligenaceae,0.17206776526831136,0.15395136968496084,0.8776575421417222,3288.0,0.9414495807740999
sleep_minutesAsleep,bacteria_firmicutes_clostridia_clostridiales_mogibacteriaceae,-3.2265601457593593,-1.6040456403771417,0.10879871038991075,3339.0,0.22494624114729617
sleep_minutesAsleep,bacteria_bacteroidetes_bacteroidia_bacteroidales_odoribacteraceae,-5.893730543919661,-4.104507419006627,4.160180929229723e-05,2994.0,0.00028861255196531205
sleep_minutesAsleep,bacteria_bacteroidetes_bacteroidia_bacteroidales_barnesiellaceae,-1.3222602425357757,-1.418541025998663,0.15614836872012225,2703.0,0.28530813050096415
sleep_minutesAsleep,bacteria_verrucomicrobia_verrucomicrobiae_verrucomicrobiales_verrucomicrobiaceae,-0.38836465231013095,-0.4143883715900399,0.6786201940322717,2920.0,0.8187700167128495
sleep_restlessDuration,bacteria_firmicutes_bacilli_lactobacillales_streptococcaceae_streptococcus,0.5685076063134272,5.217702993060255,1.92963876263342e-07,3134.0,2.039903834783901e-06
sleep_restlessDuration,bacteria_firmicutes_clostridia_clostridiales_lachnospiraceae_unclassified,1.3158364552480692,5.200885652481848,2.1080632918932332e-07,3207.0,2.1766979106990594e-06
sleep_restlessDuration,bacteria_bacteroidetes_bacteroidia_bacteroidales_prevotellaceae_prevotella,-0.13300302997549232,-2.469509959596208,0.013584851682834326,3019.0,0.04501249363566
sleep_restlessDuration,bacteria_firmicutes_clostridia_clostridiales_lachnospiraceae_coprococcus,0.9214643058119659,5.804045832101525,7.105773434790256e-09,3205.0,9.85926064077148e-08
sleep_restlessDuration,bacteria_firmicutes_clostridia_clostridiales_ruminococcaceae_ruminococcus,-0.21135225437061142,-1.445176129203874,0.1485062743596427,3207.0,0.27588613312000565
sleep_restlessDuration,bacteria_proteobacteria_gammaproteobacteria_enterobacteriales_enterobacteriaceae_unclassified,-0.17092873122865043,-2.111876439405882,0.0347885060477458,2710.0,0.0891437869884189
sleep_restlessDuration,bacteria_firmicutes_clostridia_clostridiales_unclassified_unclassified,0.08459838965461193,0.3230790363074707,0.7466564823246132,3207.0,0.8572606000071187
sleep_restlessDuration,bacteria_firmicutes_clostridia_clostridiales_ruminococcaceae_oscillospira,-0.8379464635907208,-3.735405282518465,0.00019068016573401978,3207.0,0.001159753336793216
sleep_restlessDuration,bacteria_firmicutes_erysipelotrichi_erysipelotrichales_erysipelotrichaceae_unclassified,0.5255227466947626,5.264495677953474,1.4994322511942604e-07,3175.0,1.6237754134884186e-06
sleep_restlessDuration,bacteria_firmicutes_clostridia_clostridiales_ruminococcaceae_unclassified,-0.4902005307813749,-1.741848487359219,0.08163098330622423,3207.0,0.17854264329046088
sleep_restlessDuration,bacteria_firmicutes_clostridia_clostridiales_christensenellaceae_unclassified,-0.2118121501409552,-2.246458435784972,0.024746566929615157,3028.0,0.0701571801627666
sleep_restlessDuration,bacteria_firmicutes_bacilli_lactobacillales_lactobacillaceae_lactobacillus,0.38243071907452075,3.637652936922566,0.0002807974604394474,2462.0,0.0015781528156343628
sleep_restlessDuration,bacteria_firmicutes_clostridia_clostridiales_veillonellaceae_veillonella,-0.05562983034848007,-0.5288437876408436,0.5969562979419214,2768.0,0.7572817036748946
sleep_restlessDuration,bacteria_actinobacteria_actinobacteria_bifidobacteriales_bifidobacteriaceae_bifidobacterium,0.010562547662777779,0.1489155250945121,0.8816302299818066,3026.0,0.9414495807740999
sleep_restlessDuration,bacteria_firmicutes_clostridia_clostridiales_peptostreptococcaceae_unclassified,0.35296897427056906,4.094226659269854,4.3514425760580136e-05,2907.0,0.0002972370005799628
sleep_restlessDuration,bacteria_bacteroidetes_bacteroidia_bacteroidales_bacteroidaceae_bacteroides,-0.36466655255950936,-2.5258418992618443,0.011589992252122167,3207.0,0.03961430791855162
sleep_restlessDuration,bacteria_firmicutes_clostridia_clostridiales_clostridiaceae_unclassified,0.042248416092044286,0.32235254487285603,0.7472068743305291,3177.0,0.8572606000071187
sleep_restlessDuration,bacteria_firmicutes_clostridia_clostridiales_lachnospiraceae_blautia,0.8574478941466571,6.793282298605113,1.3015430656839782e-11,3207.0,2.751833910303268e-10
sleep_restlessDuration,bacteria_firmicutes_clostridia_clostridiales_veillonellaceae_dialister,-0.05423662395048253,-0.8753972261927985,0.38144227531182706,2494.0,0.5683233900619168
sleep_restlessDuration,bacteria_firmicutes_clostridia_clostridiales_lachnospiraceae_lachnospira,-0.2525310745090827,-2.337201419773488,0.01949030325736181,3193.0,0.059680652732887196
sleep_restlessDuration,bacteria_actinobacteria_actinobacteria_actinomycetales_actinomycetaceae_actinomyces,1.5031907290687856,9.704107745190987,6.385123827333342e-22,2806.0,5.669989958672009e-20
sleep_restlessDuration,bacteria_actinobacteria_coriobacteriia_coriobacteriales_coriobacteriaceae_unclassified,-0.1775845950205877,-1.5150481182775342,0.12986296472373635,3081.0,0.2517867088966766
sleep_restlessDuration,bacteria_firmicutes_clostridia_clostridiales_clostridiaceae_clostridium,0.6824698236631853,7.815680675600539,7.386997384194498e-15,3164.0,2.5229437219864287e-13
sleep_restlessDuration,bacteria_firmicutes_clostridia_clostridiales_lachnospiraceae_dorea,0.3781547622379998,2.4300194264605857,0.015152672960194935,3204.0,0.048401343844075906
sleep_restlessDuration,bacteria_bacteroidetes_bacteroidia_bacteroidales_rikenellaceae_unclassified,-0.27339437074893613,-2.6335494871581635,0.008490974693161001,3162.0,0.030650347672873855
sleep_restlessDuration,bacteria_firmicutes_clostridia_clostridiales_lachnospiraceae_roseburia,-0.5611262976317959,-4.74188247666334,2.2102121647307634e-06,3195.0,1.962668402280918e-05
sleep_restlessDuration,bacteria_proteobacteria_gammaproteobacteria_pasteurellales_pasteurellaceae_haemophilus,-0.031790827572479835,-0.30179036442573154,0.7628376376748767,2441.0,0.870693858939962
sleep_restlessDuration,bacteria_firmicutes_bacilli_lactobacillales_streptococcaceae_lactococcus,0.25648956083903324,2.1139562436053234,0.03462029888081374,2443.0,0.0891437869884189
sleep_restlessDuration,bacteria_firmicutes_clostridia_clostridiales_lachnospiraceae_ruminococcus,1.1243667189848503,9.155642413160649,9.385210820167544e-20,3207.0,4.630037337949322e-18
sleep_restlessDuration,bacteria_proteobacteria_betaproteobacteria_burkholderiales_alcaligenaceae_sutterella,0.012655753136544535,0.14769032128553933,0.8825968626796914,3077.0,0.9414495807740999
sleep_restlessDuration,bacteria_firmicutes_clostridia_clostridiales_mogibacteriaceae_unclassified,-0.2630882505857512,-1.7186302240725404,0.08578127813291106,3114.0,0.1867004288775123
sleep_restlessDuration,bacteria_bacteroidetes_bacteroidia_bacteroidales_barnesiellaceae_unclassified,-0.16048698056151486,-2.240830224124299,0.02512385505828804,2525.0,0.0701571801627666
sleep_restlessDuration,bacteria_firmicutes_erysipelotrichi_erysipelotrichales_erysipelotrichaceae_eubacterium,0.30659421607417986,3.9864146152948283,6.864767452372662e-05,3063.0,0.00045491891773932264
sleep_restlessDuration,bacteria_firmicutes_clostridia_clostridiales_lachnospiraceae_anaerostipes,0.31935973212174656,2.7621289862845178,0.005777800633652858,2985.0,0.022307334620364078
sleep_restlessDuration,bacteria_actinobacteria_coriobacteriia_coriobacteriales_coriobacteriaceae_eggerthella,0.002244901178012595,0.021119480157780333,0.9831519117870657,2695.0,0.9898400200305152
sleep_restlessDuration,bacteria_actinobacteria_coriobacteriia_coriobacteriales_coriobacteriaceae_collinsella,-0.15891710950803695,-1.7696509884383023,0.07689139142179562,2877.0,0.16984964075262315
sleep_restlessDuration,bacteria_firmicutes_clostridia_clostridiales_veillonellaceae_phascolarctobacterium,-0.03726575556020412,-0.5373684677841668,0.5910582547197025,2654.0,0.7567568491341974
sleep_restlessDuration,bacteria_firmicutes_clostridia_clostridiales_ruminococcaceae_faecalibacterium,-0.283930478008141,-2.298228155396555,0.021612956818242452,3207.0,0.06436137955229286
sleep_restlessDuration,bacteria_bacteroidetes_bacteroidia_bacteroidales_porphyromonadaceae_parabacteroides,-0.3272037020170692,-3.4469755227520804,0.0005742754077338567,3176.0,0.0028019591322399166
sleep_restlessDuration,bacteria_firmicutes_erysipelotrichi_erysipelotrichales_erysipelotrichaceae_coprobacillus,0.16545240341658138,1.3658284225954966,0.17211182642314196,2586.0,0.3093832021533402
sleep_restlessDuration,bacteria_firmicutes_erysipelotrichi_erysipelotrichales_erysipelotrichaceae_holdemania,-0.04352488533671538,-0.287052049907772,0.7740925177575622,2971.0,0.8790206595507867
sleep_restlessDuration,bacteria_actinobacteria_coriobacteriia_coriobacteriales_coriobacteriaceae_adlercreutzia,-0.3405205822752345,-2.501739844680463,0.012415644032364125,2779.0,0.04183815565331072
sleep_restlessDuration,bacteria_bacteroidetes_bacteroidia_bacteroidales_odoribacteraceae_odoribacter,-0.40147729947974176,-3.395028952999641,0.0006965057815818114,2606.0,0.0033613974676339592
sleep_restlessDuration,bacteria_verrucomicrobia_verrucomicrobiae_verrucomicrobiales_verrucomicrobiaceae_akkermansia,-0.15124906479901024,-2.1132094614951544,0.034673458635899324,2732.0,0.0891437869884189
sleep_restlessDuration,bacteria_firmicutes_clostridia_clostridiales_clostridiaceae_smb53,0.35465848482530377,3.8660574954164746,0.00011294522357151296,3017.0,0.0007374658715551728
sleep_restlessDuration,bacteria_firmicutes_clostridia_clostridiales_lachnospiraceae_lachnobacterium,-0.1882871736608331,-2.2427203079433826,0.025001259022032297,2531.0,0.0701571801627666
sleep_restlessDuration,bacteria_firmicutes_clostridia_clostridiales_ruminococcaceae_anaerotruncus,-0.35489342517127154,-2.7357721072907966,0.006261727782605284,2873.0,0.023967302892040916
sleep_restlessDuration,bacteria_proteobacteria_deltaproteobacteria_desulfovibrionales_desulfovibrionaceae_bilophila,0.006765913553894071,0.05954081903233829,0.9525259003263994,2622.0,0.9828684390239201
sleep_restlessDuration,bacteria_proteobacteria_gammaproteobacteria_enterobacteriales_enterobacteriaceae,-0.14558783486538018,-1.8442928333793722,0.06524650484284891,2793.0,0.15010076761774568
sleep_restlessDuration,bacteria_firmicutes_bacilli_lactobacillales_streptococcaceae,0.5875241433697311,5.271643987572483,1.443857199250614e-07,3135.0,1.6026814911681816e-06
sleep_restlessDuration,bacteria_firmicutes_clostridia_clostridiales_tissierellaceae,0.5834713103094259,3.708411114908643,0.00021343745555950334,2334.0,0.001230730263226227
sleep_restlessDuration,bacteria_firmicutes_clostridia_clostridiales_lachnospiraceae,1.737207593263507,5.744066635735852,1.0108120892813472e-08,3207.0,1.3200016695321124e-07
sleep_restlessDuration,bacteria_bacteroidetes_bacteroidia_bacteroidales_prevotellaceae,-0.13345877610518614,-2.477800126890794,0.013273885361110549,3021.0,0.04431282030325627
sleep_restlessDuration,bacteria_firmicutes_clostridia_clostridiales_ruminococcaceae,-0.8415611236794373,-2.531473672872545,0.011405897111275445,3207.0,0.03961430791855162
sleep_restlessDuration,bacteria_firmicutes_clostridia_clostridiales_unclassified,0.08459838965461193,0.3230790363074707,0.7466564823246132,3207.0,0.8572606000071187
sleep_restlessDuration,bacteria_firmicutes_erysipelotrichi_erysipelotrichales_erysipelotrichaceae,0.913617704583526,7.745920838007927,1.2643534842367073e-14,3205.0,3.742486313340653e-13
sleep_restlessDuration,bacteria_firmicutes_clostridia_clostridiales_clostridiaceae,0.734224049004345,5.567097555095471,2.8039212644744832e-08,3206.0,3.36470551736938e-07
sleep_restlessDuration,bacteria_firmicutes_clostridia_clostridiales_christensenellaceae,-0.23355308793774338,-2.4516094265786363,0.014277769980944648,3046.0,0.046957999048440176
sleep_restlessDuration,bacteria_actinobacteria_actinobacteria_bifidobacteriales_bifidobacteriaceae,0.01573654153480034,0.22197869227261965,0.8243454203701632,3037.0,0.9117955405236423
sleep_restlessDuration,bacteria_firmicutes_bacilli_lactobacillales_lactobacillaceae,0.34237166288852505,3.267160085318077,0.0011008828686244647,2528.0,0.0050390927182398185
sleep_restlessDuration,bacteria_firmicutes_clostridia_clostridiales_veillonellaceae,0.1560258002635852,1.3063002648966284,0.19154458565167348,3197.0,0.33748331757675804
sleep_restlessDuration,bacteria_firmicutes_clostridia_clostridiales_peptostreptococcaceae,0.3128327604554401,3.568954131670699,0.0003640449628236936,2995.0,0.001995505722144691
sleep_restlessDuration,bacteria_bacteroidetes_bacteroidia_bacteroidales_bacteroidaceae,-0.3646262758304758,-2.5255749417519016,0.011598783850026375,3207.0,0.03961430791855162
sleep_restlessDuration,bacteria_bacteroidetes_bacteroidia_bacteroidales_porphyromonadaceae,-0.34187952488107476,-3.5308770725308722,0.00042006982041639527,3182.0,0.002249870979062999
sleep_restlessDuration,bacteria_actinobacteria_actinobacteria_actinomycetales_actinomycetaceae,1.46272716070574,9.640412637275801,1.157571027312186e-21,2834.0,8.566025602110175e-20
sleep_restlessDuration,bacteria_actinobacteria_coriobacteriia_coriobacteriales_coriobacteriaceae,-0.2723242419441118,-1.6174409655035562,0.10588165865816296,3206.0,0.22175215303879411
sleep_restlessDuration,bacteria_proteobacteria_deltaproteobacteria_desulfovibrionales_desulfovibrionaceae,0.04268924508220673,0.4100166097073018,0.6818251196873437,2806.0,0.8204074610872104
sleep_restlessDuration,bacteria_bacteroidetes_bacteroidia_bacteroidales_rikenellaceae,-0.24086777299201054,-2.292800141808186,0.021924811903132776,3170.0,0.06446765884099968
sleep_restlessDuration,bacteria_proteobacteria_gammaproteobacteria_pasteurellales_pasteurellaceae,-0.0403375738506932,-0.38529451613520477,0.7000524271955681,2473.0,0.8347109331688922
sleep_restlessDuration,bacteria_proteobacteria_betaproteobacteria_burkholderiales_alcaligenaceae,0.012671589149325355,0.14787518622925255,0.8824509761094971,3077.0,0.9414495807740999
sleep_restlessDuration,bacteria_firmicutes_clostridia_clostridiales_mogibacteriaceae,-0.2742416842067475,-1.7877106040861277,0.07391976445475512,3124.0,0.16410187708955637
sleep_restlessDuration,bacteria_bacteroidetes_bacteroidia_bacteroidales_odoribacteraceae,-0.3182226096387033,-2.9095776298167624,0.003647744360388542,2801.0,0.014723622691022842
sleep_restlessDuration,bacteria_bacteroidetes_bacteroidia_bacteroidales_barnesiellaceae,-0.15814251602277254,-2.2108342776435173,0.02713670559442158,2528.0,0.07483662909269057
sleep_restlessDuration,bacteria_verrucomicrobia_verrucomicrobiae_verrucomicrobiales_verrucomicrobiaceae,-0.15124906479901024,-2.1132094614951544,0.034673458635899324,2732.0,0.0891437869884189
